line_number,parse_status,parse_error,error_message,timestamp,source_ip,http_method,original_url,uri,query_string,status_code,response_size,user_agent,referrer,server_type,risk_score,risk_level,final_label,attack_type,matched_rule_ids,raw_log
1,success,False,,2019-01-24T12:30:13+03:30,104.249.46.51,GET,/product/32793/63253/%D8%AC%D8%A7%D8%B1%D9%88%D8%A8%D8%B1%D9%82%DB%8C-%D8%A8%D8%AF%D9%88%D9%86-%D9%BE%D8%A7%DA%A9%D8%AA-%D8%B3%D8%A7%D9%85%D8%B3%D9%88%D9%86%DA%AF-%D9%85%D8%AF%D9%84-Prince3,/product/32793/63253/%D8%AC%D8%A7%D8%B1%D9%88%D8%A8%D8%B1%D9%82%DB%8C-%D8%A8%D8%AF%D9%88%D9%86-%D9%BE%D8%A7%DA%A9%D8%AA-%D8%B3%D8%A7%D9%85%D8%B3%D9%88%D9%86%DA%AF-%D9%85%D8%AF%D9%84-Prince3,,200,42200,"Mozilla/5.0 (Windows NT 6.1; WOW64) AppleWebKit/537.36 (KHTML, like Gecko) Chrome/40.0.2214.111 Safari/537.36",,apache,,,,,,"104.249.46.51 - - [24/Jan/2019:12:30:13 +0330] ""GET /product/32793/63253/%D8%AC%D8%A7%D8%B1%D9%88%D8%A8%D8%B1%D9%82%DB%8C-%D8%A8%D8%AF%D9%88%D9%86-%D9%BE%D8%A7%DA%A9%D8%AA-%D8%B3%D8%A7%D9%85%D8%B3%D9%88%D9%86%DA%AF-%D9%85%D8%AF%D9%84-Prince3 HTTP/1.1"" 200 42200 ""-"" ""Mozilla/5.0 (Windows NT 6.1; WOW64) AppleWebKit/537.36 (KHTML, like Gecko) Chrome/40.0.2214.111 Safari/537.36"" ""-"""
2,success,False,,2019-01-23T03:49:44+03:30,185.89.217.183,GET,/amp-helper-frame.html?appId=a624a1c1-0c93-466a-a546-e146710f97e6&parentOrigin=https://www.zanbil.ir,/amp-helper-frame.html,appId=a624a1c1-0c93-466a-a546-e146710f97e6&parentOrigin=https://www.zanbil.ir,200,133,"Mozilla/5.0 (Linux; Android 5.1.1; SAMSUNG SM-G531H Build/LMY48B) AppleWebKit/537.36 (KHTML, like Gecko) SamsungBrowser/8.2 Chrome/63.0.3239.111 Mobile Safari/537.36",https://www.zanbil.ir/m/product/33687/%D8%B3%D8%A7%D9%86%D8%AF%D8%A8%D8%A7%D8%B1-%D8%A7%DB%8C%DA%A9%D8%B3-%D9%88%DB%8C%DA%98%D9%86-%D9%85%D8%AF%D9%84-XSB-3105-30W,apache,,,,,,"185.89.217.183 - - [23/Jan/2019:03:49:44 +0330] ""GET /amp-helper-frame.html?appId=a624a1c1-0c93-466a-a546-e146710f97e6&parentOrigin=https://www.zanbil.ir HTTP/1.1"" 200 133 ""https://www.zanbil.ir/m/product/33687/%D8%B3%D8%A7%D9%86%D8%AF%D8%A8%D8%A7%D8%B1-%D8%A7%DB%8C%DA%A9%D8%B3-%D9%88%DB%8C%DA%98%D9%86-%D9%85%D8%AF%D9%84-XSB-3105-30W"" ""Mozilla/5.0 (Linux; Android 5.1.1; SAMSUNG SM-G531H Build/LMY48B) AppleWebKit/537.36 (KHTML, like Gecko) SamsungBrowser/8.2 Chrome/63.0.3239.111 Mobile Safari/537.36"" ""-"""
3,success,False,,2019-01-24T11:34:56+03:30,2.180.211.58,GET,/image/8850/specialSale,/image/8850/specialSale,,200,36863,Mozilla/5.0 (Windows NT 6.1; rv:64.0) Gecko/20100101 Firefox/64.0,https://www.zanbil.ir/,apache,,,,,,"2.180.211.58 - - [24/Jan/2019:11:34:56 +0330] ""GET /image/8850/specialSale HTTP/1.1"" 200 36863 ""https://www.zanbil.ir/"" ""Mozilla/5.0 (Windows NT 6.1; rv:64.0) Gecko/20100101 Firefox/64.0"" ""-"""
4,success,False,,2019-01-23T12:12:23+03:30,5.218.163.195,GET,/browse/tv/%D8%AA%D9%84%D9%88%DB%8C%D8%B2%DB%8C%D9%88%D9%86,/browse/tv/%D8%AA%D9%84%D9%88%DB%8C%D8%B2%DB%8C%D9%88%D9%86,,200,34622,"Mozilla/5.0 (Windows NT 6.1) AppleWebKit/537.36 (KHTML, like Gecko) Chrome/71.0.3578.98 Safari/537.36",https://www.zanbil.ir/product/29297/%D8%AA%D9%84%D9%88%DB%8C%D8%B2%DB%8C%D9%88%D9%86-%D8%A7%D9%84-%D8%A7%DB%8C-%D8%AF%DB%8C-%D8%B3%D8%A7%D9%85%D8%B3%D9%88%D9%86%DA%AF-%D9%85%D8%AF%D9%84-49KU7975-Ultra-HD-4K,apache,,,,,,"5.218.163.195 - - [23/Jan/2019:12:12:23 +0330] ""GET /browse/tv/%D8%AA%D9%84%D9%88%DB%8C%D8%B2%DB%8C%D9%88%D9%86 HTTP/1.1"" 200 34622 ""https://www.zanbil.ir/product/29297/%D8%AA%D9%84%D9%88%DB%8C%D8%B2%DB%8C%D9%88%D9%86-%D8%A7%D9%84-%D8%A7%DB%8C-%D8%AF%DB%8C-%D8%B3%D8%A7%D9%85%D8%B3%D9%88%D9%86%DA%AF-%D9%85%D8%AF%D9%84-49KU7975-Ultra-HD-4K"" ""Mozilla/5.0 (Windows NT 6.1) AppleWebKit/537.36 (KHTML, like Gecko) Chrome/71.0.3578.98 Safari/537.36"" ""-"""
5,success,False,,2019-01-24T05:34:05+03:30,204.18.204.245,GET,/image/8815/specialSale?role=mobile,/image/8815/specialSale,role=mobile,200,16297,"Mozilla/5.0 (Linux; Android 8.0.0; SM-G955F Build/R16NW; wv) AppleWebKit/537.36 (KHTML, like Gecko) Version/4.0 Chrome/71.0.3578.99 Mobile Safari/537.36 Instagram 76.0.0.15.395 Android (26/8.0.0; 540dpi; 1080x2058; samsung; SM-G955F; dream2lte; samsungexynos8895; en_US; 138226752)",https://www.zanbil.ir/m/browse/perfume/%D8%B9%D8%B7%D8%B1-%D9%88-%D8%A7%D8%AF%DA%A9%D9%84%D9%86,apache,,,,,,"204.18.204.245 - - [24/Jan/2019:05:34:05 +0330] ""GET /image/8815/specialSale?role=mobile HTTP/1.1"" 200 16297 ""https://www.zanbil.ir/m/browse/perfume/%D8%B9%D8%B7%D8%B1-%D9%88-%D8%A7%D8%AF%DA%A9%D9%84%D9%86"" ""Mozilla/5.0 (Linux; Android 8.0.0; SM-G955F Build/R16NW; wv) AppleWebKit/537.36 (KHTML, like Gecko) Version/4.0 Chrome/71.0.3578.99 Mobile Safari/537.36 Instagram 76.0.0.15.395 Android (26/8.0.0; 540dpi; 1080x2058; samsung; SM-G955F; dream2lte; samsungexynos8895; en_US; 138226752)"" ""-"""
6,success,False,,2019-01-24T11:18:40+03:30,5.235.223.23,GET,/image/33719?name=des-2700gw-11.jpg&wh=max,/image/33719,name=des-2700gw-11.jpg&wh=max,200,19545,"Mozilla/5.0 (Windows NT 6.1; Win64; x64) AppleWebKit/537.36 (KHTML, like Gecko) Chrome/71.0.3578.98 Safari/537.36",https://www.zanbil.ir/product/33719/64428/%DB%8C%D8%AE%DA%86%D8%A7%D9%84-%D9%81%D8%B1%DB%8C%D8%B2%D8%B1-%D8%B3%D8%A7%DB%8C%D8%AF-%D8%A8%D8%A7%DB%8C-%D8%B3%D8%A7%DB%8C%D8%AF-%D8%AF%D9%88%D9%88-%D9%85%D8%AF%D9%84-Secret-D2S-6027GW,apache,,,,,,"5.235.223.23 - - [24/Jan/2019:11:18:40 +0330] ""GET /image/33719?name=des-2700gw-11.jpg&wh=max HTTP/1.1"" 200 19545 ""https://www.zanbil.ir/product/33719/64428/%DB%8C%D8%AE%DA%86%D8%A7%D9%84-%D9%81%D8%B1%DB%8C%D8%B2%D8%B1-%D8%B3%D8%A7%DB%8C%D8%AF-%D8%A8%D8%A7%DB%8C-%D8%B3%D8%A7%DB%8C%D8%AF-%D8%AF%D9%88%D9%88-%D9%85%D8%AF%D9%84-Secret-D2S-6027GW"" ""Mozilla/5.0 (Windows NT 6.1; Win64; x64) AppleWebKit/537.36 (KHTML, like Gecko) Chrome/71.0.3578.98 Safari/537.36"" ""-"""
7,success,False,,2019-01-23T18:11:47+03:30,46.167.144.127,GET,/image/63803/productModel/150x150,/image/63803/productModel/150x150,,200,5440,Mozilla/5.0 (Windows NT 6.3; Win64; x64; rv:64.0) Gecko/20100101 Firefox/64.0,https://www.zanbil.ir/filter/p65%2Cv582%7C40%20%D8%A7%DB%8C%D9%86%DA%86%2Cv582%7C42%20%D8%A7%DB%8C%D9%86%DA%86%2Cv582%7C43%20%D8%A7%DB%8C%D9%86%DA%86%2Cv582%7C48%20%D8%A7%DB%8C%D9%86%DA%86%2Cv582%7C49%20%D8%A7%DB%8C%D9%86%DA%86%2Cstexists,apache,,,,,,"46.167.144.127 - - [23/Jan/2019:18:11:47 +0330] ""GET /image/63803/productModel/150x150 HTTP/1.1"" 200 5440 ""https://www.zanbil.ir/filter/p65%2Cv582%7C40%20%D8%A7%DB%8C%D9%86%DA%86%2Cv582%7C42%20%D8%A7%DB%8C%D9%86%DA%86%2Cv582%7C43%20%D8%A7%DB%8C%D9%86%DA%86%2Cv582%7C48%20%D8%A7%DB%8C%D9%86%DA%86%2Cv582%7C49%20%D8%A7%DB%8C%D9%86%DA%86%2Cstexists"" ""Mozilla/5.0 (Windows NT 6.3; Win64; x64; rv:64.0) Gecko/20100101 Firefox/64.0"" ""-"""
8,success,False,,2019-01-26T20:27:01+03:30,5.119.47.123,GET,/static/images/guarantees/fastDelivery.png,/static/images/guarantees/fastDelivery.png,,200,7713,"Mozilla/5.0 (Linux; Android 8.1.0; DRA-LX2 Build/HUAWEIDRA-LX2) AppleWebKit/537.36 (KHTML, like Gecko) Chrome/68.0.3440.91 Mobile Safari/537.36",https://www.zanbil.ir/m/product/6428/7443/%D8%AC%D8%A7%D8%B1%D9%88%D8%A8%D8%B1%D9%82%DB%8C-%D8%A8%D8%A7-%D9%BE%D8%A7%DA%A9%D8%AA-%D9%BE%D8%A7%D9%86%D8%A7%D8%B3%D9%88%D9%86%DB%8C%DA%A9-%D9%85%D8%AF%D9%84-MC-CG711,apache,,,,,,"5.119.47.123 - - [26/Jan/2019:20:27:01 +0330] ""GET /static/images/guarantees/fastDelivery.png HTTP/1.1"" 200 7713 ""https://www.zanbil.ir/m/product/6428/7443/%D8%AC%D8%A7%D8%B1%D9%88%D8%A8%D8%B1%D9%82%DB%8C-%D8%A8%D8%A7-%D9%BE%D8%A7%DA%A9%D8%AA-%D9%BE%D8%A7%D9%86%D8%A7%D8%B3%D9%88%D9%86%DB%8C%DA%A9-%D9%85%D8%AF%D9%84-MC-CG711"" ""Mozilla/5.0 (Linux; Android 8.1.0; DRA-LX2 Build/HUAWEIDRA-LX2) AppleWebKit/537.36 (KHTML, like Gecko) Chrome/68.0.3440.91 Mobile Safari/537.36"" ""-"""
9,success,False,,2019-01-22T23:42:19+03:30,51.38.65.191,GET,/image/29420/productModel/200x200,/image/29420/productModel/200x200,,200,3447,"Mozilla/5.0 (Linux; Android 5.0; LG-D855) AppleWebKit/537.36 (KHTML, like Gecko) Chrome/71.0.3578.99 Mobile Safari/537.36",https://www.zanbil.ir/m/filter/p5?page=3,apache,,,,,,"51.38.65.191 - - [22/Jan/2019:23:42:19 +0330] ""GET /image/29420/productModel/200x200 HTTP/1.1"" 200 3447 ""https://www.zanbil.ir/m/filter/p5?page=3"" ""Mozilla/5.0 (Linux; Android 5.0; LG-D855) AppleWebKit/537.36 (KHTML, like Gecko) Chrome/71.0.3578.99 Mobile Safari/537.36"" ""-"""
10,success,False,,2019-01-22T07:42:50+03:30,5.212.50.142,GET,/m/filter/p19356?page=1,/m/filter/p19356,page=1,200,18876,"Mozilla/5.0 (Linux; Android 5.0.2; SAMSUNG SM-A300H Build/LRX22G) AppleWebKit/537.36 (KHTML, like Gecko) SamsungBrowser/3.3 Chrome/38.0.2125.102 Mobile Safari/537.36",https://www-zanbil-ir.cdn.ampproject.org/v/s/www.zanbil.ir/m/browse/divan-hafez/%D8%AF%DB%8C%D9%88%D8%A7%D9%86-%D8%AD%D8%A7%D9%81%D8%B8?usqp=mq331AQECAEoAQ%3D%3D&amp_js_v=0.1,apache,,,,,,"5.212.50.142 - - [22/Jan/2019:07:42:50 +0330] ""GET /m/filter/p19356?page=1 HTTP/1.1"" 200 18876 ""https://www-zanbil-ir.cdn.ampproject.org/v/s/www.zanbil.ir/m/browse/divan-hafez/%D8%AF%DB%8C%D9%88%D8%A7%D9%86-%D8%AD%D8%A7%D9%81%D8%B8?usqp=mq331AQECAEoAQ%3D%3D&amp_js_v=0.1"" ""Mozilla/5.0 (Linux; Android 5.0.2; SAMSUNG SM-A300H Build/LRX22G) AppleWebKit/537.36 (KHTML, like Gecko) SamsungBrowser/3.3 Chrome/38.0.2125.102 Mobile Safari/537.36"" ""-"""
11,success,False,,2019-01-22T08:52:14+03:30,217.66.202.34,GET,/static/plugins/ckeditor-3.6.2.2/js/ckeditor/ckeditor.min.js,/static/plugins/ckeditor-3.6.2.2/js/ckeditor/ckeditor.min.js,,200,116467,"Mozilla/5.0 (Windows NT 6.1) AppleWebKit/537.36 (KHTML, like Gecko) Chrome/35.0.1916.114 Safari/537.36",https://www.zanbil.ir/product/31883/62090/%D8%B3%D8%A7%D9%86%D8%AF%D9%88%DB%8C%DA%86-%D8%B3%D8%A7%D8%B2-%D9%81%D9%84%D8%B1-%D9%85%D8%AF%D9%84-SM-275BK,apache,,,,,,"217.66.202.34 - - [22/Jan/2019:08:52:14 +0330] ""GET /static/plugins/ckeditor-3.6.2.2/js/ckeditor/ckeditor.min.js HTTP/1.1"" 200 116467 ""https://www.zanbil.ir/product/31883/62090/%D8%B3%D8%A7%D9%86%D8%AF%D9%88%DB%8C%DA%86-%D8%B3%D8%A7%D8%B2-%D9%81%D9%84%D8%B1-%D9%85%D8%AF%D9%84-SM-275BK"" ""Mozilla/5.0 (Windows NT 6.1) AppleWebKit/537.36 (KHTML, like Gecko) Chrome/35.0.1916.114 Safari/537.36"" ""-"""
12,success,False,,2019-01-24T19:58:29+03:30,46.224.212.160,GET,/image/61496/productModel/150x150,/image/61496/productModel/150x150,,200,4369,Mozilla/5.0 (Windows NT 10.0; Win64; x64; rv:64.0) Gecko/20100101 Firefox/64.0,https://www.zanbil.ir/browse/cell-phone/%DA%AF%D9%88%D8%B4%DB%8C-%D9%85%D9%88%D8%A8%D8%A7%DB%8C%D9%84,apache,,,,,,"46.224.212.160 - - [24/Jan/2019:19:58:29 +0330] ""GET /image/61496/productModel/150x150 HTTP/1.1"" 200 4369 ""https://www.zanbil.ir/browse/cell-phone/%DA%AF%D9%88%D8%B4%DB%8C-%D9%85%D9%88%D8%A8%D8%A7%DB%8C%D9%84"" ""Mozilla/5.0 (Windows NT 10.0; Win64; x64; rv:64.0) Gecko/20100101 Firefox/64.0"" ""-"""
13,success,False,,2019-01-22T13:04:09+03:30,5.106.239.14,GET,/static/images/amp/instagram.png,/static/images/amp/instagram.png,,200,7146,"Mozilla/5.0 (Windows NT 6.1) AppleWebKit/537.36 (KHTML, like Gecko) Chrome/71.0.3578.98 Safari/537.36",https://www.zanbil.ir/browse/evaporative-air-cooler/%DA%A9%D9%88%D9%84%D8%B1-%D8%A2%D8%A8%DB%8C,apache,,,,,,"5.106.239.14 - - [22/Jan/2019:13:04:09 +0330] ""GET /static/images/amp/instagram.png HTTP/1.1"" 200 7146 ""https://www.zanbil.ir/browse/evaporative-air-cooler/%DA%A9%D9%88%D9%84%D8%B1-%D8%A2%D8%A8%DB%8C"" ""Mozilla/5.0 (Windows NT 6.1) AppleWebKit/537.36 (KHTML, like Gecko) Chrome/71.0.3578.98 Safari/537.36"" ""-"""
14,success,False,,2019-01-25T00:24:00+03:30,66.249.66.194,GET,/m/browse/knee-support/%D8%B2%D8%A7%D9%86%D9%88-%D8%A8%D9%86%D8%AF,/m/browse/knee-support/%D8%B2%D8%A7%D9%86%D9%88-%D8%A8%D9%86%D8%AF,,200,17902,"Mozilla/5.0 (Linux; Android 6.0.1; Nexus 5X Build/MMB29P) AppleWebKit/537.36 (KHTML, like Gecko) Chrome/41.0.2272.96 Mobile Safari/537.36 (compatible; Googlebot/2.1; +http://www.google.com/bot.html)",,apache,,,,,,"66.249.66.194 - - [25/Jan/2019:00:24:00 +0330] ""GET /m/browse/knee-support/%D8%B2%D8%A7%D9%86%D9%88-%D8%A8%D9%86%D8%AF HTTP/1.1"" 200 17902 ""-"" ""Mozilla/5.0 (Linux; Android 6.0.1; Nexus 5X Build/MMB29P) AppleWebKit/537.36 (KHTML, like Gecko) Chrome/41.0.2272.96 Mobile Safari/537.36 (compatible; Googlebot/2.1; +http://www.google.com/bot.html)"" ""-"""
15,success,False,,2019-01-25T17:58:15+03:30,66.249.66.94,GET,/static/images/guarantees/bestPrice.png,/static/images/guarantees/bestPrice.png,,200,7356,Googlebot-Image/1.0,,apache,,,,,,"66.249.66.94 - - [25/Jan/2019:17:58:15 +0330] ""GET /static/images/guarantees/bestPrice.png HTTP/1.1"" 200 7356 ""-"" ""Googlebot-Image/1.0"" ""-"""
16,success,False,,2019-01-25T01:35:25+03:30,2.186.154.247,GET,/static/images/guarantees/support.png,/static/images/guarantees/support.png,,200,6454,"Mozilla/5.0 (Linux; Android 8.0.0; SM-N950F) AppleWebKit/537.36 (KHTML, like Gecko) Chrome/71.0.3578.99 Mobile Safari/537.36",https://www.zanbil.ir/m/browse/shave,apache,,,,,,"2.186.154.247 - - [25/Jan/2019:01:35:25 +0330] ""GET /static/images/guarantees/support.png HTTP/1.1"" 200 6454 ""https://www.zanbil.ir/m/browse/shave"" ""Mozilla/5.0 (Linux; Android 8.0.0; SM-N950F) AppleWebKit/537.36 (KHTML, like Gecko) Chrome/71.0.3578.99 Mobile Safari/537.36"" ""-"""
17,success,False,,2019-01-23T20:54:13+03:30,213.195.57.170,GET,/image/63946/productModel/150x150,/image/63946/productModel/150x150,,200,3886,Mozilla/5.0 (Windows NT 10.0; WOW64; rv:64.0) Gecko/20100101 Firefox/64.0,https://www.zanbil.ir/browse/tv/%D8%AA%D9%84%D9%88%DB%8C%D8%B2%DB%8C%D9%88%D9%86,apache,,,,,,"213.195.57.170 - - [23/Jan/2019:20:54:13 +0330] ""GET /image/63946/productModel/150x150 HTTP/1.1"" 200 3886 ""https://www.zanbil.ir/browse/tv/%D8%AA%D9%84%D9%88%DB%8C%D8%B2%DB%8C%D9%88%D9%86"" ""Mozilla/5.0 (Windows NT 10.0; WOW64; rv:64.0) Gecko/20100101 Firefox/64.0"" ""-"""
18,success,False,,2019-01-26T00:31:31+03:30,188.209.6.55,GET,/static/images/arrow-right.png,/static/images/arrow-right.png,,200,475,"Mozilla/5.0 (Windows NT 6.2) AppleWebKit/537.36 (KHTML, like Gecko) Chrome/71.0.3578.98 Safari/537.36",https://znbl.ir/static/bundle-bundle_site_head.css,apache,,,,,,"188.209.6.55 - - [26/Jan/2019:00:31:31 +0330] ""GET /static/images/arrow-right.png HTTP/1.1"" 200 475 ""https://znbl.ir/static/bundle-bundle_site_head.css"" ""Mozilla/5.0 (Windows NT 6.2) AppleWebKit/537.36 (KHTML, like Gecko) Chrome/71.0.3578.98 Safari/537.36"" ""-"""
19,success,False,,2019-01-25T11:42:35+03:30,2.177.172.246,GET,/image/26776/productModel/150x150,/image/26776/productModel/150x150,,200,2584,"Mozilla/5.0 (Windows NT 6.1; Win64; x64) AppleWebKit/537.36 (KHTML, like Gecko) Chrome/71.0.3578.98 Safari/537.36",https://www.zanbil.ir/search/oppo/p0?page=2,apache,,,,,,"2.177.172.246 - - [25/Jan/2019:11:42:35 +0330] ""GET /image/26776/productModel/150x150 HTTP/1.1"" 200 2584 ""https://www.zanbil.ir/search/oppo/p0?page=2"" ""Mozilla/5.0 (Windows NT 6.1; Win64; x64) AppleWebKit/537.36 (KHTML, like Gecko) Chrome/71.0.3578.98 Safari/537.36"" ""-"""
20,success,False,,2019-01-24T08:34:50+03:30,46.225.207.95,GET,/image/58822/productModel/200x200,/image/58822/productModel/200x200,,200,2594,"Mozilla/5.0 (iPad; CPU OS 10_3_3 like Mac OS X) AppleWebKit/603.3.8 (KHTML, like Gecko) Version/10.0 Mobile/14G60 Safari/602.1",https://www.zanbil.ir/m/browse/air-conditioner-split/%DA%A9%D9%88%D9%84%D8%B1-%DA%AF%D8%A7%D8%B2%DB%8C,apache,,,,,,"46.225.207.95 - - [24/Jan/2019:08:34:50 +0330] ""GET /image/58822/productModel/200x200 HTTP/1.1"" 200 2594 ""https://www.zanbil.ir/m/browse/air-conditioner-split/%DA%A9%D9%88%D9%84%D8%B1-%DA%AF%D8%A7%D8%B2%DB%8C"" ""Mozilla/5.0 (iPad; CPU OS 10_3_3 like Mac OS X) AppleWebKit/603.3.8 (KHTML, like Gecko) Version/10.0 Mobile/14G60 Safari/602.1"" ""-"""
21,success,False,,2019-01-25T17:55:56+03:30,5.234.230.137,GET,/image/62303/productModel/200x200,/image/62303/productModel/200x200,,200,6515,"Mozilla/5.0 (Linux; U; Android 4.0.4; en-us; SonyST21i2 Build/11.0.A.6.5) AppleWebKit/534.30 (KHTML, like Gecko) Version/4.0 Mobile Safari/534.30",https://www.zanbil.ir/m/browse/tv/%D8%AA%D9%84%D9%88%DB%8C%D8%B2%DB%8C%D9%88%D9%86,apache,,,,,,"5.234.230.137 - - [25/Jan/2019:17:55:56 +0330] ""GET /image/62303/productModel/200x200 HTTP/1.1"" 200 6515 ""https://www.zanbil.ir/m/browse/tv/%D8%AA%D9%84%D9%88%DB%8C%D8%B2%DB%8C%D9%88%D9%86"" ""Mozilla/5.0 (Linux; U; Android 4.0.4; en-us; SonyST21i2 Build/11.0.A.6.5) AppleWebKit/534.30 (KHTML, like Gecko) Version/4.0 Mobile Safari/534.30"" ""-"""
22,success,False,,2019-01-24T21:12:24+03:30,66.249.66.91,GET,/static/images/guarantees/bestPrice.png,/static/images/guarantees/bestPrice.png,,304,0,Googlebot-Image/1.0,,apache,,,,,,"66.249.66.91 - - [24/Jan/2019:21:12:24 +0330] ""GET /static/images/guarantees/bestPrice.png HTTP/1.1"" 304 0 ""-"" ""Googlebot-Image/1.0"" ""-"""
23,success,False,,2019-01-26T14:59:50+03:30,23.101.169.3,GET,/image/44/productTypeMenu,/image/44/productTypeMenu,,200,11,Mozilla/5.0 (compatible; MSIE 9.0; Windows NT 6.0; Trident/5.0;  Trident/5.0),https://www.zanbil.ir/browse/tablet/%D8%AA%D8%A8%D9%84%D8%AA,apache,,,,,,"23.101.169.3 - - [26/Jan/2019:14:59:50 +0330] ""GET /image/44/productTypeMenu HTTP/1.1"" 200 11 ""https://www.zanbil.ir/browse/tablet/%D8%AA%D8%A8%D9%84%D8%AA"" ""Mozilla/5.0 (compatible; MSIE 9.0; Windows NT 6.0; Trident/5.0;  Trident/5.0)"" ""-"""
24,success,False,,2019-01-23T23:18:35+03:30,173.244.217.170,GET,/image/10/productTypeType,/image/10/productTypeType,,200,11404,"Mozilla/5.0 (Linux; U; Android 4.2.2; fa-ir; H30-U10 Build/HuaweiH30-U10) AppleWebKit/534.30 (KHTML, like Gecko) Version/4.0 Mobile Safari/534.30",https://www.zanbil.ir/m/filter/b8%2Cb867%2Cp1,apache,,,,,,"173.244.217.170 - - [23/Jan/2019:23:18:35 +0330] ""GET /image/10/productTypeType HTTP/1.1"" 200 11404 ""https://www.zanbil.ir/m/filter/b8%2Cb867%2Cp1"" ""Mozilla/5.0 (Linux; U; Android 4.2.2; fa-ir; H30-U10 Build/HuaweiH30-U10) AppleWebKit/534.30 (KHTML, like Gecko) Version/4.0 Mobile Safari/534.30"" ""-"""
25,success,False,,2019-01-25T00:30:00+03:30,66.249.66.67,GET,/static/css/font/wyekan/font.woff,/static/css/font/wyekan/font.woff,,304,0,"Mozilla/5.0 (Linux; Android 6.0.1; Nexus 5X Build/MMB29P) AppleWebKit/537.36 (KHTML, like Gecko) Chrome/41.0.2272.96 Mobile Safari/537.36 (compatible; Googlebot/2.1; +http://www.google.com/bot.html)",,apache,,,,,,"66.249.66.67 - - [25/Jan/2019:00:30:00 +0330] ""GET /static/css/font/wyekan/font.woff HTTP/1.1"" 304 0 ""-"" ""Mozilla/5.0 (Linux; Android 6.0.1; Nexus 5X Build/MMB29P) AppleWebKit/537.36 (KHTML, like Gecko) Chrome/41.0.2272.96 Mobile Safari/537.36 (compatible; Googlebot/2.1; +http://www.google.com/bot.html)"" ""-"""
26,success,False,,2019-01-26T09:32:15+03:30,31.58.56.86,GET,/static/images/guarantees/bestPrice.png,/static/images/guarantees/bestPrice.png,,200,7356,Mozilla/5.0 (Windows NT 6.1; rv:64.0) Gecko/20100101 Firefox/64.0,https://www.zanbil.ir/browse/washing-machine/%D9%85%D8%A7%D8%B4%DB%8C%D9%86-%D9%84%D8%A8%D8%A7%D8%B3%D8%B4%D9%88%DB%8C%DB%8C,apache,,,,,,"31.58.56.86 - - [26/Jan/2019:09:32:15 +0330] ""GET /static/images/guarantees/bestPrice.png HTTP/1.1"" 200 7356 ""https://www.zanbil.ir/browse/washing-machine/%D9%85%D8%A7%D8%B4%DB%8C%D9%86-%D9%84%D8%A8%D8%A7%D8%B3%D8%B4%D9%88%DB%8C%DB%8C"" ""Mozilla/5.0 (Windows NT 6.1; rv:64.0) Gecko/20100101 Firefox/64.0"" ""-"""
27,success,False,,2019-01-24T07:18:34+03:30,66.249.66.91,GET,/filter/b481%2Cb67%2Cb226%2Cb570%2Cb598%2Cstexists%2Cb270%2Cb903%2Cb883%2Cb99%2Cb152%2Cb249%2Cb20%2Cb701%2Cb879%2Cb198%2Cb35%2Cb548%2Cb88%2Cb1%2Cb523%2Cb900%2Cb192%2Cb703%2Cb236%2Cb74%2Cb400%2Cb19%2Cb651%2Cb202%2Cb647%2Cb4%2Cb22%2Cb613%2Cb36%2Cb217%2Cb216%2Cb441%2Cb63%2Cb147%2Cb95%2Cb882%2Cb542%2Cb218%2Cb221%2Cb186%2Cb43%2Cb610%2Cb203%2Cb5%2Cb231%2Cb215%2Cb220%2Cb656%2Cb614%2Cb874%2Cb573%2Cb42%2Cb878%2Cb890%2Cb135%2Cb2%2Cb258%2Cb308%2Cb148?page=0,/filter/b481%2Cb67%2Cb226%2Cb570%2Cb598%2Cstexists%2Cb270%2Cb903%2Cb883%2Cb99%2Cb152%2Cb249%2Cb20%2Cb701%2Cb879%2Cb198%2Cb35%2Cb548%2Cb88%2Cb1%2Cb523%2Cb900%2Cb192%2Cb703%2Cb236%2Cb74%2Cb400%2Cb19%2Cb651%2Cb202%2Cb647%2Cb4%2Cb22%2Cb613%2Cb36%2Cb217%2Cb216%2Cb441%2Cb63%2Cb147%2Cb95%2Cb882%2Cb542%2Cb218%2Cb221%2Cb186%2Cb43%2Cb610%2Cb203%2Cb5%2Cb231%2Cb215%2Cb220%2Cb656%2Cb614%2Cb874%2Cb573%2Cb42%2Cb878%2Cb890%2Cb135%2Cb2%2Cb258%2Cb308%2Cb148,page=0,200,40787,Mozilla/5.0 (compatible; Googlebot/2.1; +http://www.google.com/bot.html),,apache,,,,,,"66.249.66.91 - - [24/Jan/2019:07:18:34 +0330] ""GET /filter/b481%2Cb67%2Cb226%2Cb570%2Cb598%2Cstexists%2Cb270%2Cb903%2Cb883%2Cb99%2Cb152%2Cb249%2Cb20%2Cb701%2Cb879%2Cb198%2Cb35%2Cb548%2Cb88%2Cb1%2Cb523%2Cb900%2Cb192%2Cb703%2Cb236%2Cb74%2Cb400%2Cb19%2Cb651%2Cb202%2Cb647%2Cb4%2Cb22%2Cb613%2Cb36%2Cb217%2Cb216%2Cb441%2Cb63%2Cb147%2Cb95%2Cb882%2Cb542%2Cb218%2Cb221%2Cb186%2Cb43%2Cb610%2Cb203%2Cb5%2Cb231%2Cb215%2Cb220%2Cb656%2Cb614%2Cb874%2Cb573%2Cb42%2Cb878%2Cb890%2Cb135%2Cb2%2Cb258%2Cb308%2Cb148?page=0 HTTP/1.1"" 200 40787 ""-"" ""Mozilla/5.0 (compatible; Googlebot/2.1; +http://www.google.com/bot.html)"" ""-"""
28,success,False,,2019-01-23T17:29:33+03:30,188.211.33.110,GET,/amp-helper-frame.html?appId=a624a1c1-0c93-466a-a546-e146710f97e6&parentOrigin=https://www-zanbil-ir.cdn.ampproject.org,/amp-helper-frame.html,appId=a624a1c1-0c93-466a-a546-e146710f97e6&parentOrigin=https://www-zanbil-ir.cdn.ampproject.org,200,133,"Mozilla/5.0 (Linux; Android 8.1.0; SM-G610F) AppleWebKit/537.36 (KHTML, like Gecko) Chrome/71.0.3578.99 Mobile Safari/537.36",https://www-zanbil-ir.cdn.ampproject.org/v/s/www.zanbil.ir/m/browse/bronze-clock/%D8%B3%D8%A7%D8%B9%D8%AA-%D8%A8%D8%B1%D9%86%D8%B2?amp_js_v=0.1&usqp=mq331AQECAEoAQ%3D%3D,apache,,,,,,"188.211.33.110 - - [23/Jan/2019:17:29:33 +0330] ""GET /amp-helper-frame.html?appId=a624a1c1-0c93-466a-a546-e146710f97e6&parentOrigin=https://www-zanbil-ir.cdn.ampproject.org HTTP/1.1"" 200 133 ""https://www-zanbil-ir.cdn.ampproject.org/v/s/www.zanbil.ir/m/browse/bronze-clock/%D8%B3%D8%A7%D8%B9%D8%AA-%D8%A8%D8%B1%D9%86%D8%B2?amp_js_v=0.1&usqp=mq331AQECAEoAQ%3D%3D"" ""Mozilla/5.0 (Linux; Android 8.1.0; SM-G610F) AppleWebKit/537.36 (KHTML, like Gecko) Chrome/71.0.3578.99 Mobile Safari/537.36"" ""-"""
29,success,False,,2019-01-23T09:42:38+03:30,151.235.176.172,GET,/manifest.json,/manifest.json,,200,110,"Mozilla/5.0 (Windows NT 6.1) AppleWebKit/537.36 (KHTML, like Gecko) Chrome/71.0.3578.98 Safari/537.36",https://www.zanbil.ir/browse/cell-phone/%DA%AF%D9%88%D8%B4%DB%8C-%D9%85%D9%88%D8%A8%D8%A7%DB%8C%D9%84,apache,,,,,,"151.235.176.172 - - [23/Jan/2019:09:42:38 +0330] ""GET /manifest.json HTTP/1.1"" 200 110 ""https://www.zanbil.ir/browse/cell-phone/%DA%AF%D9%88%D8%B4%DB%8C-%D9%85%D9%88%D8%A8%D8%A7%DB%8C%D9%84"" ""Mozilla/5.0 (Windows NT 6.1) AppleWebKit/537.36 (KHTML, like Gecko) Chrome/71.0.3578.98 Safari/537.36"" ""-"""
30,success,False,,2019-01-22T23:10:36+03:30,5.125.49.25,GET,"/filter?f=p48,t16,stexists&productType=iron",/filter,"f=p48,t16,stexists&productType=iron",200,33628,"Mozilla/5.0 (Windows NT 6.3; Win64; x64) AppleWebKit/537.36 (KHTML, like Gecko) Chrome/71.0.3578.98 Safari/537.36",https://www.zanbil.ir/browse/vacuum-cleaner/%D8%AC%D8%A7%D8%B1%D9%88%D8%A8%D8%B1%D9%82%DB%8C,apache,,,,,,"5.125.49.25 - - [22/Jan/2019:23:10:36 +0330] ""GET /filter?f=p48,t16,stexists&productType=iron HTTP/1.1"" 200 33628 ""https://www.zanbil.ir/browse/vacuum-cleaner/%D8%AC%D8%A7%D8%B1%D9%88%D8%A8%D8%B1%D9%82%DB%8C"" ""Mozilla/5.0 (Windows NT 6.3; Win64; x64) AppleWebKit/537.36 (KHTML, like Gecko) Chrome/71.0.3578.98 Safari/537.36"" ""-"""
31,success,False,,2019-01-26T21:10:15+03:30,192.168.1.105,GET,/product/32793/63253/item?id=1%27%20OR%20%271%27%3D%271,/product/32793/63253/item,id=1%27%20OR%20%271%27%3D%271,500,4512,"Mozilla/5.0 (Windows NT 10.0; Win64; x64) AppleWebKit/537.36 (KHTML, like Gecko) Chrome/71.0.3578.98 Safari/537.36",,apache,,,,,,"192.168.1.105 - - [26/Jan/2019:21:10:15 +0330] ""GET /product/32793/63253/item?id=1%27%20OR%20%271%27%3D%271 HTTP/1.1"" 500 4512 ""-"" ""Mozilla/5.0 (Windows NT 10.0; Win64; x64) AppleWebKit/537.36 (KHTML, like Gecko) Chrome/71.0.3578.98 Safari/537.36"" ""-"""
32,success,False,,2019-01-26T21:15:30+03:30,203.0.113.42,GET,/search?q=%3Cscript%3Ealert(document.cookie)%3C%2Fscript%3E,/search,q=%3Cscript%3Ealert(document.cookie)%3C%2Fscript%3E,200,12050,Mozilla/5.0 (X11; Linux x86_64; rv:60.0) Gecko/20100101 Firefox/60.0,https://www.zanbil.ir/,apache,,,,,,"203.0.113.42 - - [26/Jan/2019:21:15:30 +0330] ""GET /search?q=%3Cscript%3Ealert(document.cookie)%3C%2Fscript%3E HTTP/1.1"" 200 12050 ""https://www.zanbil.ir/"" ""Mozilla/5.0 (X11; Linux x86_64; rv:60.0) Gecko/20100101 Firefox/60.0"" ""-"""
33,success,False,,2019-01-26T21:20:45+03:30,45.33.22.11,GET,/image/33719?name=..%2F..%2F..%2F..%2Fetc%2Fpasswd&wh=max,/image/33719,name=..%2F..%2F..%2F..%2Fetc%2Fpasswd&wh=max,200,3450,curl/7.58.0,,apache,,,,,,"45.33.22.11 - - [26/Jan/2019:21:20:45 +0330] ""GET /image/33719?name=..%2F..%2F..%2F..%2Fetc%2Fpasswd&wh=max HTTP/1.1"" 200 3450 ""-"" ""curl/7.58.0"" ""-"""
